Authors,Committer
,
nat-ess,jonlemmon
gregkare,aakritigupta
tyranja,renee-travisci
tchak,lislis
drtorte,randym
iriberri,jacques
chadwhitacre,clekstro
sinthetix,jrafanie
ivanvotti,mkobit
stof,gregkare
joshk,tyranja
nschonni,mjm
rafael-travis,thegengen
acorncom,rwjblue
ef4,tchak
jaroslawsokol,piotr-travisci
kl-7,svenfuchs
aaron1011,tay
roidrage,philpeble
lislis,dmathieu
tahsin-travis-ci,ovr
jacques,meatballhat
dmytrostriletskyi,sorta
rwjblue,backspace
sorta,chadwhitacre
ctrlaltjustine,ctrlaltjustine
ddosolitary,solarce
gary-kim,banzaiman
heroiceric,matthewbauer
rkh,kl-7
nef10,rkh
kdaniels,nef10
jasonkarns,denton-l
ur5us,floydpink
thriqon,jasonkarns
alicetragedy,stof
siegy22,joshk
artursmirnov,nschonni
igorwwwwwwwwwwwwwwwwwwww,cotsog
eiriksm,jimhester
aakritigupta,alicetragedy
greenkeeperio-bot,simi
gusaiani,siegy22
renee-travisci,0xcaff
mtoothman,jwswj
clekstro,chistopher
weban,artursmirnov
jrafanie,carlad
mkobit,mariadeanton
thegengen,sarahhodne
piotr-travisci,drogus
svenfuchs,aaron1011
anarosas,roidrage
